{
 "parent": "item/generated",
 "textures": {
  "layer0": "item/apple"
 },

 "overrides": [
   { "predicate": {"custom_model_data": 370001}, "model": "item/cheese"},
   { "predicate": {"custom_model_data": 370002}, "model": "item/fried_egg"},
   { "predicate": {"custom_model_data": 370003}, "model": "item/poppyseed_muffin"},
   { "predicate": {"custom_model_data": 370004}, "model": "item/tortilla"},
   { "predicate": {"custom_model_data": 370100}, "model": "item/strawberry"},
   { "predicate": {"custom_model_data": 370101}, "model": "item/tomato"},
   { "predicate": {"custom_model_data": 370102}, "model": "item/blueberry"},
   { "predicate": {"custom_model_data": 370103}, "model": "item/pepper"},
   { "predicate": {"custom_model_data": 370104}, "model": "item/cranberries"},
   { "predicate": {"custom_model_data": 370105}, "model": "item/eggplant"},
   { "predicate": {"custom_model_data": 370106}, "model": "item/pineapple"},
   { "predicate": {"custom_model_data": 370107}, "model": "item/cauliflower"},
   { "predicate": {"custom_model_data": 370108}, "model": "item/garlic"},
   { "predicate": {"custom_model_data": 370109}, "model": "item/kale"},
   { "predicate": {"custom_model_data": 370110}, "model": "item/parsnip"},
   { "predicate": {"custom_model_data": 370111}, "model": "item/rhubarb"},
   { "predicate": {"custom_model_data": 370112}, "model": "item/melon1"},
   { "predicate": {"custom_model_data": 370113}, "model": "item/radish"},
   { "predicate": {"custom_model_data": 370114}, "model": "item/red_cabbage"},
   { "predicate": {"custom_model_data": 370115}, "model": "item/starfruit"},
   { "predicate": {"custom_model_data": 370116}, "model": "item/amaranth"},
   { "predicate": {"custom_model_data": 370118}, "model": "item/artichoke"},
   { "predicate": {"custom_model_data": 370119}, "model": "item/blue_jazz"},
   { "predicate": {"custom_model_data": 370120}, "model": "item/bok_choy"},
   { "predicate": {"custom_model_data": 370121}, "model": "item/cactus_fruit"},
   { "predicate": {"custom_model_data": 370122}, "model": "item/corn"},
   { "predicate": {"custom_model_data": 370123}, "model": "item/fairy_rose"},
   { "predicate": {"custom_model_data": 370124}, "model": "item/grape"},
   { "predicate": {"custom_model_data": 370125}, "model": "item/green_bean"},
   { "predicate": {"custom_model_data": 370126}, "model": "item/hops"},
   { "predicate": {"custom_model_data": 370127}, "model": "item/poppy1"},
   { "predicate": {"custom_model_data": 370128}, "model": "item/summer_spangle"},
   { "predicate": {"custom_model_data": 370131}, "model": "item/tulip1"},
   { "predicate": {"custom_model_data": 370132}, "model": "item/yam"},
   { "predicate": {"custom_model_data": 370133}, "model": "item/orange"},
   { "predicate": {"custom_model_data": 370134}, "model": "item/apricot"},
   { "predicate": {"custom_model_data": 370135}, "model": "item/banana"},
   { "predicate": {"custom_model_data": 370136}, "model": "item/pomegranate"},
   { "predicate": {"custom_model_data": 370137}, "model": "item/mango"},
   { "predicate": {"custom_model_data": 370138}, "model": "item/peach"},
   { "predicate": {"custom_model_data": 370139}, "model": "item/cherry"}


 ]

 
}