{
 "parent": "item/generated",
 "textures": {
  "layer0": "item/baked_potato"
 },

 "overrides": [
   { "predicate": {"custom_model_data": 370010}, "model": "item/jellies/jelly_ancient_fruit"},
   { "predicate": {"custom_model_data": 370011}, "model": "item/jellies/jelly_apple"},
   { "predicate": {"custom_model_data": 370012}, "model": "item/jellies/jelly_blueberry"},
   { "predicate": {"custom_model_data": 370013}, "model": "item/jellies/jelly_cactus_fruit"},
   { "predicate": {"custom_model_data": 370014}, "model": "item/jellies/jelly_cranberry"},
   { "predicate": {"custom_model_data": 370015}, "model": "item/jellies/jelly_glowberry"},
   { "predicate": {"custom_model_data": 370016}, "model": "item/jellies/jelly_grape"},
   { "predicate": {"custom_model_data": 370017}, "model": "item/jellies/jelly_melon"},
   { "predicate": {"custom_model_data": 370018}, "model": "item/jellies/jelly_melon1"},
   { "predicate": {"custom_model_data": 370019}, "model": "item/jellies/jelly_pepper"},
   { "predicate": {"custom_model_data": 370020}, "model": "item/jellies/jelly_pineapple"},
   { "predicate": {"custom_model_data": 370021}, "model": "item/jellies/jelly_rhubarb"},
   { "predicate": {"custom_model_data": 370022}, "model": "item/jellies/jelly_starfruit"},
   { "predicate": {"custom_model_data": 370023}, "model": "item/jellies/jelly_strawberry"},
   { "predicate": {"custom_model_data": 370024}, "model": "item/jellies/jelly_sweet_berry"},
   { "predicate": {"custom_model_data": 370025}, "model": "item/jellies/jelly_banana"},
   { "predicate": {"custom_model_data": 370026}, "model": "item/jellies/jelly_cherry"},
   { "predicate": {"custom_model_data": 370027}, "model": "item/jellies/jelly_apricot"},
   { "predicate": {"custom_model_data": 370028}, "model": "item/jellies/jelly_mango"},
   { "predicate": {"custom_model_data": 370029}, "model": "item/jellies/jelly_orange"},
   { "predicate": {"custom_model_data": 370030}, "model": "item/pickles/pickles_amaranth"},
   { "predicate": {"custom_model_data": 370031}, "model": "item/pickles/pickles_artichoke"},
   { "predicate": {"custom_model_data": 370032}, "model": "item/pickles/pickles_beetroot"},
   { "predicate": {"custom_model_data": 370033}, "model": "item/pickles/pickles_bok_choy"},
   { "predicate": {"custom_model_data": 370034}, "model": "item/pickles/pickles_carrot"},
   { "predicate": {"custom_model_data": 370035}, "model": "item/pickles/pickles_cauliflower"},
   { "predicate": {"custom_model_data": 370036}, "model": "item/pickles/pickles_corn"},
   { "predicate": {"custom_model_data": 370037}, "model": "item/pickles/pickles_eggplant"},
   { "predicate": {"custom_model_data": 370038}, "model": "item/pickles/pickles_garlic"},
   { "predicate": {"custom_model_data": 370039}, "model": "item/pickles/pickles_green_bean"},
   { "predicate": {"custom_model_data": 370040}, "model": "item/pickles/pickles_kale"},
   { "predicate": {"custom_model_data": 370041}, "model": "item/pickles/pickles_parsnip"},
   { "predicate": {"custom_model_data": 370042}, "model": "item/pickles/pickles_potato"},
   { "predicate": {"custom_model_data": 370043}, "model": "item/pickles/pickles_pumpkin"},
   { "predicate": {"custom_model_data": 370044}, "model": "item/pickles/pickles_radish"},
   { "predicate": {"custom_model_data": 370045}, "model": "item/pickles/pickles_red_cabbage"},
   { "predicate": {"custom_model_data": 370046}, "model": "item/pickles/pickles_rice"},
   { "predicate": {"custom_model_data": 370047}, "model": "item/pickles/pickles_tomato"},
   { "predicate": {"custom_model_data": 370048}, "model": "item/pickles/pickles_yam"},
   { "predicate": {"custom_model_data": 370049}, "model": "item/pickles/pickles_tea_leaves"},
   { "predicate": {"custom_model_data": 370050}, "model": "item/pickles/pickles_hops"},
   { "predicate": {"custom_model_data": 370051}, "model": "item/pickles/pickles_wheat"},
   { "predicate": {"custom_model_data": 370052}, "model": "item/jellies/jelly_peach"},
   { "predicate": {"custom_model_data": 370053}, "model": "item/jellies/jelly_pomegranate"}

 ]

 
}