{
 "parent": "item/handheld",
 "textures": {
  "layer0": "item/diamond_sword"
 },

 "overrides": [
  { "predicate": {"custom_model_data": 370001}, "model": "item/dragon_cutlass"},
  { "predicate": {"custom_model_data": 370002}, "model": "item/galaxy_sword"},
  { "predicate": {"custom_model_data": 370003}, "model": "item/neptunes_glaive"},
  { "predicate": {"custom_model_data": 370004}, "model": "item/templars_blade"},
  { "predicate": {"custom_model_data": 370005}, "model": "item/obsidian_edge"},
  { "predicate": {"custom_model_data": 370006}, "model": "item/ossified_blade"},
  { "predicate": {"custom_model_data": 370007}, "model": "item/yeti_tooth"},
  { "predicate": {"custom_model_data": 370008}, "model": "item/steel_falchion"},
  { "predicate": {"custom_model_data": 370009}, "model": "item/dark_sword"},
  { "predicate": {"custom_model_data": 370012}, "model": "item/holy_blade"},
  { "predicate": {"custom_model_data": 370013}, "model": "item/emerald_sword"},
  { "predicate": {"custom_model_data": 370014}, "model": "item/topaz_sword"},
  { "predicate": {"custom_model_data": 370015}, "model": "item/ruby_sword"},
  { "predicate": {"custom_model_data": 370016}, "model": "item/aquamarine_sword"},
  { "predicate": {"custom_model_data": 370017}, "model": "item/jade_sword"},
  { "predicate": {"custom_model_data": 370018}, "model": "item/radioactive_sword"},
  { "predicate": {"custom_model_data": 370019}, "model": "item/tempered_broadsword"}


 ]

 
}