{
	"credit": "Made with Blockbench",
	"textures": {
		"1": "block/iron_block",
		"particle": "block/iron_block"
	},
	"elements": [
		{
			"name": "leg",
			"from": [0, 0, 0],
			"to": [2, 14, 2],
			"faces": {
				"north": {"uv": [1, 1, 3, 15], "texture": "#1"},
				"east": {"uv": [14, 1, 16, 15], "texture": "#1"},
				"south": {"uv": [1, 1, 3, 15], "texture": "#1"},
				"west": {"uv": [0, 1, 2, 15], "texture": "#1"},
				"up": {"uv": [0, 0, 2, 2], "texture": "#1"},
				"down": {"uv": [0, 14, 2, 16], "texture": "#1"}
			}
		},
		{
			"name": "leg",
			"from": [0, 12, 2],
			"to": [2, 14, 14],
			"faces": {
				"north": {"uv": [1, 1, 3, 15], "texture": "#1"},
				"east": {"uv": [1, 1, 13, 3], "texture": "#1"},
				"south": {"uv": [1, 1, 3, 15], "texture": "#1"},
				"west": {"uv": [1, 1, 13, 3], "texture": "#1"},
				"up": {"uv": [1, 1, 3, 13], "texture": "#1"},
				"down": {"uv": [3, 1, 5, 13], "texture": "#1"}
			}
		},
		{
			"name": "leg",
			"from": [0, 0, 14],
			"to": [2, 14, 16],
			"faces": {
				"north": {"uv": [1, 1, 3, 15], "texture": "#1"},
				"east": {"uv": [0, 1, 2, 15], "texture": "#1"},
				"south": {"uv": [1, 1, 3, 15], "texture": "#1"},
				"west": {"uv": [14, 1, 16, 15], "texture": "#1"},
				"up": {"uv": [0, 0, 2, 2], "texture": "#1"},
				"down": {"uv": [0, 0, 2, 2], "texture": "#1"}
			}
		},
		{
			"name": "leg",
			"from": [0, 14, 0],
			"to": [2, 26, 2],
			"faces": {
				"north": {"uv": [13, 1, 15, 13], "texture": "#1"},
				"east": {"uv": [14, 3, 16, 15], "texture": "#1"},
				"south": {"uv": [0, 0, 2, 12], "texture": "#1"},
				"west": {"uv": [0, 3, 2, 15], "texture": "#1"},
				"up": {"uv": [0, 0, 2, 2], "texture": "#1"},
				"down": {"uv": [0, 0, 2, 2], "texture": "#1"}
			}
		},
		{
			"name": "leg",
			"from": [0, 26, 14],
			"to": [2, 29.625, 16],
			"faces": {
				"north": {"uv": [1, 1, 3, 4.625], "texture": "#1"},
				"east": {"uv": [0, 1, 2, 4.625], "texture": "#1"},
				"south": {"uv": [1, 1, 3, 4.625], "texture": "#1"},
				"west": {"uv": [14, 1, 16, 4.625], "texture": "#1"},
				"up": {"uv": [0, 0, 2, 2], "texture": "#1"},
				"down": {"uv": [0, 0, 2, 2], "texture": "#1"}
			}
		},
		{
			"name": "leg",
			"from": [0, 26, 0],
			"to": [2, 29.625, 2],
			"faces": {
				"north": {"uv": [13, 1, 15, 4.625], "texture": "#1"},
				"east": {"uv": [14, 1, 16, 4.625], "texture": "#1"},
				"south": {"uv": [0, 0, 2, 3.625], "texture": "#1"},
				"west": {"uv": [0, 1, 2, 4.625], "texture": "#1"},
				"up": {"uv": [0, 0, 2, 2], "texture": "#1"},
				"down": {"uv": [0, 0, 2, 2], "texture": "#1"}
			}
		},
		{
			"name": "leg",
			"from": [0, 14, 14],
			"to": [2, 26, 16],
			"faces": {
				"north": {"uv": [1, 1, 3, 13], "texture": "#1"},
				"east": {"uv": [0, 3, 2, 15], "texture": "#1"},
				"south": {"uv": [1, 1, 3, 13], "texture": "#1"},
				"west": {"uv": [14, 3, 16, 15], "texture": "#1"},
				"up": {"uv": [0, 0, 2, 2], "texture": "#1"},
				"down": {"uv": [0, 0, 2, 2], "texture": "#1"}
			}
		},
		{
			"name": "leg",
			"from": [14, 0, 14],
			"to": [16, 12, 16],
			"faces": {
				"north": {"uv": [1, 1, 3, 13], "texture": "#1"},
				"east": {"uv": [1, 1, 3, 13], "texture": "#1"},
				"south": {"uv": [1, 1, 3, 13], "texture": "#1"},
				"west": {"uv": [1, 1, 3, 13], "texture": "#1"},
				"up": {"uv": [0, 0, 2, 2], "texture": "#1"},
				"down": {"uv": [14, 0, 16, 2], "texture": "#1"}
			}
		},
		{
			"name": "leg",
			"from": [14, 0, 0],
			"to": [16, 12, 2],
			"faces": {
				"north": {"uv": [1, 1, 3, 13], "texture": "#1"},
				"east": {"uv": [1, 1, 3, 13], "texture": "#1"},
				"south": {"uv": [1, 1, 3, 13], "texture": "#1"},
				"west": {"uv": [1, 1, 3, 13], "texture": "#1"},
				"up": {"uv": [0, 0, 2, 2], "texture": "#1"},
				"down": {"uv": [14, 14, 16, 16], "texture": "#1"}
			}
		},
		{
			"name": "back",
			"from": [0, 14, 3.5],
			"to": [2, 29.625, 5.5],
			"faces": {
				"north": {"uv": [1, 0, 3, 15.625], "texture": "#1"},
				"east": {"uv": [1, 0, 3, 15.625], "texture": "#1"},
				"south": {"uv": [1, 0, 3, 15.625], "texture": "#1"},
				"west": {"uv": [1, 0, 3, 15.625], "texture": "#1"},
				"up": {"uv": [0, 0, 2, 2], "texture": "#1"},
				"down": {"uv": [0, 0, 2, 2], "texture": "#1"}
			}
		},
		{
			"name": "back",
			"from": [0, 29.625, 0],
			"to": [2, 31.625, 16],
			"faces": {
				"north": {"uv": [2, 4, 4, 6], "texture": "#1"},
				"east": {"uv": [0, 0, 16, 2], "texture": "#1"},
				"south": {"uv": [2, 2, 4, 4], "texture": "#1"},
				"west": {"uv": [0, 0, 16, 2], "texture": "#1"},
				"up": {"uv": [0, 2, 16, 4], "rotation": 90, "texture": "#1"},
				"down": {"uv": [0, 2, 16, 4], "rotation": 90, "texture": "#1"}
			}
		},
		{
			"name": "back",
			"from": [0, 14, 10.5],
			"to": [2, 29.625, 12.5],
			"faces": {
				"north": {"uv": [1, 0, 3, 15.625], "texture": "#1"},
				"east": {"uv": [1, 0, 3, 15.625], "texture": "#1"},
				"south": {"uv": [1, 0, 3, 15.625], "texture": "#1"},
				"west": {"uv": [1, 0, 3, 15.625], "texture": "#1"},
				"up": {"uv": [0, 0, 2, 2], "texture": "#1"},
				"down": {"uv": [0, 0, 2, 2], "texture": "#1"}
			}
		},
		{
			"name": "back",
			"from": [0, 14, 7],
			"to": [2, 29.625, 9],
			"faces": {
				"north": {"uv": [2, 0, 4, 15.625], "texture": "#1"},
				"east": {"uv": [1, 0, 3, 15.625], "texture": "#1"},
				"south": {"uv": [1, 0, 3, 15.625], "texture": "#1"},
				"west": {"uv": [1, 0, 3, 15.625], "texture": "#1"},
				"up": {"uv": [0, 0, 2, 2], "texture": "#1"},
				"down": {"uv": [0, 0, 2, 2], "texture": "#1"}
			}
		},
		{
			"name": "seat",
			"from": [2, 12, 0],
			"to": [16, 13, 16],
			"faces": {
				"north": {"uv": [1, 2, 15, 3], "texture": "#1"},
				"east": {"uv": [0, 2, 16, 3], "texture": "#1"},
				"south": {"uv": [1, 2, 15, 3], "texture": "#1"},
				"west": {"uv": [0, 2, 16, 4], "texture": "#1"},
				"up": {"uv": [1, 0, 15, 16], "texture": "#1"},
				"down": {"uv": [1, 0, 15, 16], "texture": "#1"}
			}
		}
	],
	"display": {
		"thirdperson_righthand": {
			"rotation": [75, 45, 0],
			"translation": [0, 2.5, 0],
			"scale": [0.375, 0.375, 0.375]
		},
		"thirdperson_lefthand": {
			"rotation": [75, 45, 0],
			"translation": [0, 2.5, 0],
			"scale": [0.375, 0.375, 0.375]
		},
		"firstperson_righthand": {
			"rotation": [0, 45, 0],
			"scale": [0.4, 0.4, 0.4]
		},
		"firstperson_lefthand": {
			"rotation": [0, 225, 0],
			"scale": [0.4, 0.4, 0.4]
		},
		"ground": {
			"translation": [0, 3, 0],
			"scale": [0.25, 0.25, 0.25]
		},
		"gui": {
			"rotation": [30, 225, 0],
			"translation": [0, -2.75, 0],
			"scale": [0.39047, 0.39047, 0.39047]
		},
		"head": {
			"translation": [0, -33.75, 0],
			"scale": [1.39453, 1.39453, 1.39453]
		},
		"fixed": {
			"rotation": [0, 90, 0],
			"translation": [0, -4.75, -4],
			"scale": [0.58, 0.58, 0.58]
		}
	}
}