{
	"credit": "Made with Blockbench",
	"textures": {
		"1": "item/ghost",
		"2": "block/ghost",
		"particle": "block/ghost"
	},
	"elements": [
		{
			"name": "face",
			"from": [6, 9, 4],
			"to": [10, 13, 5],
			"rotation": {"angle": 0, "axis": "y", "origin": [8, 7.3, 6.1]},
			"faces": {
				"north": {"uv": [0, 0, 10, 9], "texture": "#1"},
				"east": {"uv": [6, 12, 7, 16], "texture": "#1"},
				"south": {"uv": [12, 12, 16, 16], "texture": "#1"},
				"west": {"uv": [11, 12, 12, 16], "texture": "#1"},
				"up": {"uv": [11, 12, 7, 11], "texture": "#1"},
				"down": {"uv": [15, 11, 11, 12], "texture": "#1"}
			}
		},
		{
			"name": "left arm",
			"from": [5.25, 4.8, 4.3],
			"to": [6.25, 7.8, 5.3],
			"rotation": {"angle": 22.5, "axis": "x", "origin": [8, 7.3, 6.1]},
			"faces": {
				"north": {"uv": [1, 1, 2, 4], "texture": "#2"},
				"east": {"uv": [0, 1, 1, 4], "texture": "#2"},
				"south": {"uv": [3, 1, 4, 4], "texture": "#2"},
				"west": {"uv": [2, 1, 3, 4], "texture": "#2"},
				"up": {"uv": [2, 1, 1, 0], "texture": "#2"},
				"down": {"uv": [3, 0, 2, 1], "texture": "#2"}
			}
		},
		{
			"name": "right arm",
			"from": [9.75, 4.8, 4.3],
			"to": [10.75, 7.8, 5.3],
			"rotation": {"angle": 22.5, "axis": "x", "origin": [8, 7.3, 6.1]},
			"faces": {
				"north": {"uv": [1, 1, 2, 4], "texture": "#2"},
				"east": {"uv": [0, 1, 1, 4], "texture": "#2"},
				"south": {"uv": [3, 1, 4, 4], "texture": "#2"},
				"west": {"uv": [2, 1, 3, 4], "texture": "#2"},
				"up": {"uv": [2, 1, 1, 0], "texture": "#2"},
				"down": {"uv": [3, 0, 2, 1], "texture": "#2"}
			}
		},
		{
			"name": "tail",
			"from": [5, 3, 7],
			"to": [11, 5.5, 13],
			"rotation": {"angle": 22.5, "axis": "x", "origin": [8, 7.3, 6.1]},
			"faces": {
				"north": {"uv": [2, 6, 4, 9], "texture": "#2"},
				"east": {"uv": [8, 6, 2, 9], "texture": "#2"},
				"south": {"uv": [8, 6, 8, 9], "texture": "#2"},
				"west": {"uv": [4, 6, 8, 9], "texture": "#2"},
				"up": {"uv": [4, 6, 2, 0], "texture": "#2"},
				"down": {"uv": [8, 0, 4, 6], "texture": "#2"}
			}
		},
		{
			"name": "main body",
			"from": [5, 3, 5],
			"to": [11, 14, 11],
			"rotation": {"angle": 0, "axis": "y", "origin": [8, 7.3, 6.1]},
			"faces": {
				"north": {"uv": [2, 6, 4, 9], "texture": "#2"},
				"east": {"uv": [8, 6, 2, 9], "texture": "#2"},
				"south": {"uv": [8, 6, 8, 9], "texture": "#2"},
				"west": {"uv": [4, 6, 8, 9], "texture": "#2"},
				"up": {"uv": [4, 6, 2, 0], "texture": "#2"},
				"down": {"uv": [8, 0, 4, 6], "texture": "#2"}
			}
		}
	],
	"display": {
		"head": {
			"translation": [0, -17.25, 0],
			"scale": [3, 3.2, 2.9]
		}
	}
}