{
 "parent": "item/generated",
 "textures": {
  "layer0": "item/golden_carrot"
 },

 "overrides": [
   { "predicate": {"custom_model_data": 370001}, "model": "item/cheese_cauliflower"},
   { "predicate": {"custom_model_data": 370002}, "model": "item/baked_fish"},
   { "predicate": {"custom_model_data": 370003}, "model": "item/vegetable_medley"},
   { "predicate": {"custom_model_data": 370004}, "model": "item/fried_calamari"},
   { "predicate": {"custom_model_data": 370005}, "model": "item/autumns_bounty"},
   { "predicate": {"custom_model_data": 370006}, "model": "item/banana_pudding"},
   { "predicate": {"custom_model_data": 370007}, "model": "item/blueberry_tart"},
   { "predicate": {"custom_model_data": 370008}, "model": "item/bruschetta"},
   { "predicate": {"custom_model_data": 370009}, "model": "item/carp_surprise"},
   { "predicate": {"custom_model_data": 370010}, "model": "item/chocolate_cake"},
   { "predicate": {"custom_model_data": 370011}, "model": "item/cranberry_candy"},
   { "predicate": {"custom_model_data": 370012}, "model": "item/cranberry_sauce"},
   { "predicate": {"custom_model_data": 370013}, "model": "item/crispy_bass"},
   { "predicate": {"custom_model_data": 370014}, "model": "item/dish_o_the_sea"},
   { "predicate": {"custom_model_data": 370015}, "model": "item/eggplant_parmesan"},
   { "predicate": {"custom_model_data": 370016}, "model": "item/farmers_lunch"},
   { "predicate": {"custom_model_data": 370017}, "model": "item/fish_taco"},
   { "predicate": {"custom_model_data": 370018}, "model": "item/fried_eel"},
   { "predicate": {"custom_model_data": 370019}, "model": "item/glazed_yams"},
   { "predicate": {"custom_model_data": 370020}, "model": "item/lucky_lunch"},
   { "predicate": {"custom_model_data": 370021}, "model": "item/pepper_poppers"},
   { "predicate": {"custom_model_data": 370022}, "model": "item/pizza"},
   { "predicate": {"custom_model_data": 370023}, "model": "item/radish_salad"},
   { "predicate": {"custom_model_data": 370024}, "model": "item/red_plate"},
   { "predicate": {"custom_model_data": 370025}, "model": "item/rhubarb_pie"},
   { "predicate": {"custom_model_data": 370026}, "model": "item/salmon_dinner"},
   { "predicate": {"custom_model_data": 370027}, "model": "item/spaghetti"},
   { "predicate": {"custom_model_data": 370028}, "model": "item/spicy_eel"},
   { "predicate": {"custom_model_data": 370029}, "model": "item/super_meal"}


 ]

 
}