{
	"credit": "Made with Blockbench",
	"textures": {
		"1": "block/green_wool"
	},
	"elements": [
		{
			"name": "leg",
			"from": [0, 14, 0],
			"to": [4, 30, 16],
			"faces": {
				"north": {"uv": [0, 0, 4, 16], "texture": "#1"},
				"east": {"uv": [0, 0, 16, 16], "texture": "#1"},
				"south": {"uv": [0, 0, 4, 16], "texture": "#1"},
				"west": {"uv": [0, 0, 16, 16], "texture": "#1"},
				"up": {"uv": [0, 0, 4, 16], "texture": "#1"},
				"down": {"uv": [0, 0, 2, 2], "texture": "#1"}
			}
		},
		{
			"name": "seat",
			"from": [0, 0, 0],
			"to": [16, 14, 16],
			"faces": {
				"north": {"uv": [0, 2, 16, 16], "texture": "#1"},
				"east": {"uv": [0, 2, 16, 16], "texture": "#1"},
				"south": {"uv": [0, 2, 16, 16], "texture": "#1"},
				"west": {"uv": [0, 2, 16, 16], "texture": "#1"},
				"up": {"uv": [0, 0, 16, 16], "texture": "#1"},
				"down": {"uv": [0, 0, 16, 16], "texture": "#1"}
			}
		}
	],
	"display": {
		"thirdperson_righthand": {
			"rotation": [75, 45, 0],
			"translation": [0, 2.5, 0],
			"scale": [0.375, 0.375, 0.375]
		},
		"thirdperson_lefthand": {
			"rotation": [75, 45, 0],
			"translation": [0, 2.5, 0],
			"scale": [0.375, 0.375, 0.375]
		},
		"firstperson_righthand": {
			"rotation": [0, 45, 0],
			"scale": [0.4, 0.4, 0.4]
		},
		"firstperson_lefthand": {
			"rotation": [0, 225, 0],
			"scale": [0.4, 0.4, 0.4]
		},
		"ground": {
			"translation": [0, 3, 0],
			"scale": [0.25, 0.25, 0.25]
		},
		"gui": {
			"rotation": [30, 225, 0],
			"translation": [0, -2.75, 0],
			"scale": [0.39047, 0.39047, 0.39047]
		},
		"head": {
			"translation": [0, -33.75, 0],
			"scale": [1.39453, 1.39453, 1.39453]
		},
		"fixed": {
			"rotation": [0, 90, 0],
			"translation": [0, -4.75, -4],
			"scale": [0.58, 0.58, 0.58]
		}
	}
}