{
 "parent": "item/generated",
 "textures": {
  "layer0": "item/honey_bottle"
 },

 "overrides": [
   { "predicate": {"custom_model_data": 370001}, "model": "item/beer"},
   { "predicate": {"custom_model_data": 370002}, "model": "item/coffee_drink"},
   { "predicate": {"custom_model_data": 370003}, "model": "item/green_tea"},
   { "predicate": {"custom_model_data": 370004}, "model": "item/mead"},
   { "predicate": {"custom_model_data": 370005}, "model": "item/pale_ale"},
   { "predicate": {"custom_model_data": 370006}, "model": "item/oil"},
   { "predicate": {"custom_model_data": 370007}, "model": "item/triple_shot_espresso"},
   { "predicate": {"custom_model_data": 370010}, "model": "item/wines/wine_ancient_fruit"},
   { "predicate": {"custom_model_data": 370011}, "model": "item/wines/wine_apple"},
   { "predicate": {"custom_model_data": 370012}, "model": "item/wines/wine_blueberry"},
   { "predicate": {"custom_model_data": 370013}, "model": "item/wines/wine_cactus_fruit"},
   { "predicate": {"custom_model_data": 370014}, "model": "item/wines/wine_cranberry"},
   { "predicate": {"custom_model_data": 370015}, "model": "item/wines/wine_glowberry"},
   { "predicate": {"custom_model_data": 370016}, "model": "item/wines/wine_grape"},
   { "predicate": {"custom_model_data": 370017}, "model": "item/wines/wine_melon"},
   { "predicate": {"custom_model_data": 370018}, "model": "item/wines/wine_melon1"},
   { "predicate": {"custom_model_data": 370019}, "model": "item/wines/wine_pepper"},
   { "predicate": {"custom_model_data": 370020}, "model": "item/wines/wine_pineapple"},
   { "predicate": {"custom_model_data": 370021}, "model": "item/wines/wine_rhubarb"},
   { "predicate": {"custom_model_data": 370022}, "model": "item/wines/wine_starfruit"},
   { "predicate": {"custom_model_data": 370023}, "model": "item/wines/wine_strawberry"},
   { "predicate": {"custom_model_data": 370024}, "model": "item/wines/wine_sweet_berry"},
   { "predicate": {"custom_model_data": 370025}, "model": "item/wines/wine_orange"},
   { "predicate": {"custom_model_data": 370026}, "model": "item/wines/wine_apricot"},
   { "predicate": {"custom_model_data": 370027}, "model": "item/wines/wine_banana"},
   { "predicate": {"custom_model_data": 370028}, "model": "item/wines/wine_pomegranate"},
   { "predicate": {"custom_model_data": 370029}, "model": "item/wines/wine_mango"},
   { "predicate": {"custom_model_data": 370030}, "model": "item/juices/juice_amaranth"},
   { "predicate": {"custom_model_data": 370031}, "model": "item/juices/juice_artichoke"},
   { "predicate": {"custom_model_data": 370032}, "model": "item/juices/juice_beetroot"},
   { "predicate": {"custom_model_data": 370033}, "model": "item/juices/juice_bok_choy"},
   { "predicate": {"custom_model_data": 370034}, "model": "item/juices/juice_carrot"},
   { "predicate": {"custom_model_data": 370035}, "model": "item/juices/juice_cauliflower"},
   { "predicate": {"custom_model_data": 370036}, "model": "item/juices/juice_corn"},
   { "predicate": {"custom_model_data": 370037}, "model": "item/juices/juice_eggplant"},
   { "predicate": {"custom_model_data": 370038}, "model": "item/juices/juice_garlic"},
   { "predicate": {"custom_model_data": 370039}, "model": "item/juices/juice_green_bean"},
   { "predicate": {"custom_model_data": 370040}, "model": "item/juices/juice_kale"},
   { "predicate": {"custom_model_data": 370041}, "model": "item/juices/juice_parsnip"},
   { "predicate": {"custom_model_data": 370042}, "model": "item/juices/juice_potato"},
   { "predicate": {"custom_model_data": 370043}, "model": "item/juices/juice_pumpkin"},
   { "predicate": {"custom_model_data": 370044}, "model": "item/juices/juice_radish"},
   { "predicate": {"custom_model_data": 370045}, "model": "item/juices/juice_red_cabbage"},
   { "predicate": {"custom_model_data": 370046}, "model": "item/juices/juice_rice"},
   { "predicate": {"custom_model_data": 370047}, "model": "item/juices/juice_tomato"},
   { "predicate": {"custom_model_data": 370048}, "model": "item/juices/juice_yam"},
   { "predicate": {"custom_model_data": 370049}, "model": "item/wines/wine_peach"},
   { "predicate": {"custom_model_data": 370050}, "model": "item/wines/wine_cherry"}

 ]

 
}