{
	"credit": "Made with Blockbench",
	"textures": {
		"0": "block/oak_log",
		"1": "block/red_wool",
		"particle": "block/oak_log"
	},
	"elements": [
		{
			"name": "leg",
			"from": [0, 0, 0],
			"to": [2, 10, 2],
			"faces": {
				"north": {"uv": [0, 0, 2, 12], "texture": "#0"},
				"east": {"uv": [0, 0, 2, 10], "texture": "#0"},
				"south": {"uv": [0, 0, 2, 10], "texture": "#0"},
				"west": {"uv": [0, 0, 2, 10], "texture": "#0"},
				"up": {"uv": [0, 0, 2, 2], "texture": "#0"},
				"down": {"uv": [0, 0, 2, 2], "texture": "#0"}
			}
		},
		{
			"name": "leg",
			"from": [0, 0, 14],
			"to": [2, 10, 16],
			"faces": {
				"north": {"uv": [0, 0, 2, 12], "texture": "#0"},
				"east": {"uv": [0, 0, 2, 10], "texture": "#0"},
				"south": {"uv": [0, 0, 2, 10], "texture": "#0"},
				"west": {"uv": [0, 0, 2, 10], "texture": "#0"},
				"up": {"uv": [0, 0, 2, 2], "texture": "#0"},
				"down": {"uv": [0, 0, 2, 2], "texture": "#0"}
			}
		},
		{
			"name": "leg",
			"from": [14, 0, 14],
			"to": [16, 10, 16],
			"faces": {
				"north": {"uv": [0, 0, 2, 12], "texture": "#0"},
				"east": {"uv": [0, 0, 2, 10], "texture": "#0"},
				"south": {"uv": [0, 0, 2, 10], "texture": "#0"},
				"west": {"uv": [0, 0, 2, 10], "texture": "#0"},
				"up": {"uv": [0, 0, 2, 2], "texture": "#0"},
				"down": {"uv": [0, 0, 2, 2], "texture": "#0"}
			}
		},
		{
			"name": "leg",
			"from": [14, 0, 0],
			"to": [16, 10, 2],
			"faces": {
				"north": {"uv": [0, 0, 2, 12], "texture": "#0"},
				"east": {"uv": [0, 0, 2, 10], "texture": "#0"},
				"south": {"uv": [0, 0, 2, 10], "texture": "#0"},
				"west": {"uv": [0, 0, 2, 10], "texture": "#0"},
				"up": {"uv": [0, 0, 2, 2], "texture": "#0"},
				"down": {"uv": [0, 0, 2, 2], "texture": "#0"}
			}
		},
		{
			"name": "back",
			"from": [-1, 12, 0],
			"to": [1, 29, 16],
			"faces": {
				"north": {"uv": [9, 0, 11, 16], "texture": "#0"},
				"east": {"uv": [0, 0, 16, 16], "texture": "#0"},
				"south": {"uv": [3, 0, 5, 16], "texture": "#0"},
				"west": {"uv": [0, 0, 16, 16], "texture": "#0"},
				"up": {"uv": [0, 2, 16, 4], "rotation": 90, "texture": "#0"},
				"down": {"uv": [0, 2, 16, 4], "rotation": 90, "texture": "#0"}
			}
		},
		{
			"name": "back",
			"from": [-2, 29, -1],
			"to": [2, 30, 17],
			"faces": {
				"north": {"uv": [9, 0, 13, 1], "texture": "#0"},
				"east": {"uv": [0, 0, 16, 1], "texture": "#0"},
				"south": {"uv": [3, 0, 7, 1], "texture": "#0"},
				"west": {"uv": [0, 0, 16, 1], "texture": "#0"},
				"up": {"uv": [0, 2, 16, 6], "rotation": 90, "texture": "#0"},
				"down": {"uv": [0, 2, 16, 6], "rotation": 90, "texture": "#0"}
			}
		},
		{
			"name": "back",
			"from": [1, 15, 1],
			"to": [2, 26, 15],
			"faces": {
				"north": {"uv": [9, 0, 10, 11], "texture": "#1"},
				"east": {"uv": [0, 0, 14, 11], "texture": "#1"},
				"south": {"uv": [3, 0, 4, 11], "texture": "#1"},
				"west": {"uv": [0, 0, 14, 11], "texture": "#1"},
				"up": {"uv": [0, 2, 14, 3], "rotation": 90, "texture": "#1"},
				"down": {"uv": [0, 2, 14, 3], "rotation": 90, "texture": "#1"}
			}
		},
		{
			"name": "back",
			"from": [1, 13, 2],
			"to": [2, 15, 14],
			"faces": {
				"north": {"uv": [9, 0, 10, 2], "texture": "#1"},
				"east": {"uv": [0, 0, 12, 2], "texture": "#1"},
				"south": {"uv": [3, 0, 4, 2], "texture": "#1"},
				"west": {"uv": [0, 0, 12, 2], "texture": "#1"},
				"up": {"uv": [0, 2, 12, 3], "rotation": 90, "texture": "#1"},
				"down": {"uv": [0, 2, 12, 3], "rotation": 90, "texture": "#1"}
			}
		},
		{
			"name": "back",
			"from": [1, 26, 2],
			"to": [2, 28, 14],
			"faces": {
				"north": {"uv": [9, 0, 10, 2], "texture": "#1"},
				"east": {"uv": [0, 0, 12, 2], "texture": "#1"},
				"south": {"uv": [3, 0, 4, 2], "texture": "#1"},
				"west": {"uv": [0, 0, 12, 2], "texture": "#1"},
				"up": {"uv": [0, 2, 12, 3], "rotation": 90, "texture": "#1"},
				"down": {"uv": [0, 2, 12, 3], "rotation": 90, "texture": "#1"}
			}
		},
		{
			"name": "seat",
			"from": [0, 10, 0],
			"to": [16, 12, 16],
			"faces": {
				"north": {"uv": [0, 2, 16, 4], "texture": "#0"},
				"east": {"uv": [0, 2, 16, 4], "texture": "#0"},
				"south": {"uv": [0, 2, 16, 4], "texture": "#0"},
				"west": {"uv": [0, 2, 16, 4], "texture": "#0"},
				"up": {"uv": [0, 0, 16, 16], "texture": "#0"},
				"down": {"uv": [0, 0, 14, 16], "texture": "#0"}
			}
		},
		{
			"name": "seat",
			"from": [1, 12, -1],
			"to": [16, 16, 1],
			"faces": {
				"north": {"uv": [0, 2, 15, 6], "texture": "#0"},
				"east": {"uv": [0, 2, 2, 6], "texture": "#0"},
				"south": {"uv": [0, 2, 15, 6], "texture": "#0"},
				"west": {"uv": [0, 2, 2, 6], "texture": "#0"},
				"up": {"uv": [0, 0, 15, 2], "texture": "#0"},
				"down": {"uv": [0, 0, 15, 2], "texture": "#0"}
			}
		},
		{
			"name": "seat",
			"from": [1, 12, 15],
			"to": [16, 16, 17],
			"faces": {
				"north": {"uv": [0, 2, 15, 6], "texture": "#0"},
				"east": {"uv": [0, 2, 2, 6], "texture": "#0"},
				"south": {"uv": [0, 2, 15, 6], "texture": "#0"},
				"west": {"uv": [0, 2, 2, 6], "texture": "#0"},
				"up": {"uv": [0, 0, 15, 2], "texture": "#0"},
				"down": {"uv": [0, 0, 15, 2], "texture": "#0"}
			}
		},
		{
			"name": "seat",
			"from": [2, 12, 1],
			"to": [16, 13, 15],
			"faces": {
				"north": {"uv": [0, 2, 14, 3], "texture": "#1"},
				"east": {"uv": [0, 2, 14, 3], "texture": "#1"},
				"south": {"uv": [0, 2, 14, 3], "texture": "#1"},
				"west": {"uv": [0, 2, 14, 3], "texture": "#1"},
				"up": {"uv": [0, 0, 14, 14], "texture": "#1"},
				"down": {"uv": [0, 0, 14, 14], "texture": "#1"}
			}
		}
	],
	"display": {
		"thirdperson_righthand": {
			"rotation": [75, 45, 0],
			"translation": [0, 2.5, 0],
			"scale": [0.375, 0.375, 0.375]
		},
		"thirdperson_lefthand": {
			"rotation": [75, 45, 0],
			"translation": [0, 2.5, 0],
			"scale": [0.375, 0.375, 0.375]
		},
		"firstperson_righthand": {
			"rotation": [0, 45, 0],
			"scale": [0.4, 0.4, 0.4]
		},
		"firstperson_lefthand": {
			"rotation": [0, 225, 0],
			"scale": [0.4, 0.4, 0.4]
		},
		"ground": {
			"translation": [0, 3, 0],
			"scale": [0.25, 0.25, 0.25]
		},
		"gui": {
			"rotation": [30, 225, 0],
			"translation": [0, -2.75, 0],
			"scale": [0.39047, 0.39047, 0.39047]
		},
		"head": {
			"translation": [0, -33.75, 0],
			"scale": [1.39453, 1.39453, 1.39453]
		},
		"fixed": {
			"rotation": [0, 90, 0],
			"translation": [0, -4.75, -4],
			"scale": [0.58, 0.58, 0.58]
		}
	}
}