{
	"credit": "Made with Blockbench",
	"textures": {
		"0": "block/netherite_block",
		"particle": "block/netherite_block"
	},
	"elements": [
		{
			"name": "leg",
			"from": [0, 0, 0],
			"to": [2, 12, 2],
			"faces": {
				"north": {"uv": [14, 4, 16, 16], "texture": "#0"},
				"east": {"uv": [0, 4, 2, 16], "texture": "#0"},
				"south": {"uv": [14, 4, 16, 16], "texture": "#0"},
				"west": {"uv": [0, 4, 2, 16], "texture": "#0"},
				"up": {"uv": [0, 0, 2, 2], "texture": "#0"},
				"down": {"uv": [0, 0, 2, 2], "texture": "#0"}
			}
		},
		{
			"name": "leg",
			"from": [0, 0, 14],
			"to": [2, 12, 16],
			"faces": {
				"north": {"uv": [0, 4, 2, 16], "texture": "#0"},
				"east": {"uv": [14, 4, 16, 16], "texture": "#0"},
				"south": {"uv": [0, 4, 2, 16], "texture": "#0"},
				"west": {"uv": [14, 4, 16, 16], "texture": "#0"},
				"up": {"uv": [0, 0, 2, 2], "texture": "#0"},
				"down": {"uv": [0, 0, 2, 2], "texture": "#0"}
			}
		},
		{
			"name": "leg",
			"from": [14, 0, 14],
			"to": [16, 12, 16],
			"faces": {
				"north": {"uv": [14, 4, 16, 16], "texture": "#0"},
				"east": {"uv": [0, 4, 2, 16], "texture": "#0"},
				"south": {"uv": [14, 4, 16, 16], "texture": "#0"},
				"west": {"uv": [0, 0, 2, 12], "texture": "#0"},
				"up": {"uv": [0, 0, 2, 2], "texture": "#0"},
				"down": {"uv": [0, 0, 2, 2], "texture": "#0"}
			}
		},
		{
			"name": "leg",
			"from": [14, 0, 0],
			"to": [16, 12, 2],
			"faces": {
				"north": {"uv": [0, 4, 2, 16], "texture": "#0"},
				"east": {"uv": [14, 4, 16, 16], "texture": "#0"},
				"south": {"uv": [0, 4, 2, 16], "texture": "#0"},
				"west": {"uv": [4, 4, 6, 16], "texture": "#0"},
				"up": {"uv": [0, 0, 2, 2], "texture": "#0"},
				"down": {"uv": [0, 0, 2, 2], "texture": "#0"}
			}
		},
		{
			"name": "back",
			"from": [0, 14, 0],
			"to": [2, 27, 16],
			"faces": {
				"north": {"uv": [14, 0, 16, 13], "texture": "#0"},
				"east": {"uv": [0, 2, 16, 15], "texture": "#0"},
				"south": {"uv": [0, 0, 2, 13], "texture": "#0"},
				"west": {"uv": [0, 1, 16, 14], "texture": "#0"},
				"up": {"uv": [0, 14, 16, 16], "rotation": 90, "texture": "#0"},
				"down": {"uv": [0, 2, 16, 4], "rotation": 90, "texture": "#0"}
			}
		},
		{
			"name": "back",
			"from": [0, 27, 2],
			"to": [2, 29, 14],
			"faces": {
				"north": {"uv": [14, 1, 16, 3], "texture": "#0"},
				"east": {"uv": [2, 5, 14, 7], "texture": "#0"},
				"south": {"uv": [0, 1, 2, 3], "texture": "#0"},
				"west": {"uv": [2, 7, 14, 9], "texture": "#0"},
				"up": {"uv": [2, 14, 14, 16], "rotation": 90, "texture": "#0"},
				"down": {"uv": [2, 9, 14, 11], "rotation": 90, "texture": "#0"}
			}
		},
		{
			"name": "back",
			"from": [0, 29, 4],
			"to": [2, 31, 12],
			"faces": {
				"north": {"uv": [14, 2, 16, 4], "texture": "#0"},
				"east": {"uv": [4, 10, 12, 12], "texture": "#0"},
				"south": {"uv": [0, 2, 2, 4], "texture": "#0"},
				"west": {"uv": [4, 5, 12, 7], "texture": "#0"},
				"up": {"uv": [2, 14, 10, 16], "rotation": 90, "texture": "#0"},
				"down": {"uv": [3, 0, 11, 2], "rotation": 90, "texture": "#0"}
			}
		},
		{
			"name": "seat",
			"from": [0, 12, 0],
			"to": [16, 14, 16],
			"faces": {
				"north": {"uv": [0, 0, 16, 2], "texture": "#0"},
				"east": {"uv": [0, 0, 16, 2], "texture": "#0"},
				"south": {"uv": [0, 0, 16, 2], "texture": "#0"},
				"west": {"uv": [0, 5, 16, 7], "texture": "#0"},
				"up": {"uv": [0, 0, 16, 16], "texture": "#0"},
				"down": {"uv": [0, 0, 16, 16], "texture": "#0"}
			}
		}
	],
	"display": {
		"thirdperson_righthand": {
			"rotation": [75, 45, 0],
			"translation": [0, 2.5, 0],
			"scale": [0.375, 0.375, 0.375]
		},
		"thirdperson_lefthand": {
			"rotation": [75, 45, 0],
			"translation": [0, 2.5, 0],
			"scale": [0.375, 0.375, 0.375]
		},
		"firstperson_righthand": {
			"rotation": [0, 45, 0],
			"scale": [0.4, 0.4, 0.4]
		},
		"firstperson_lefthand": {
			"rotation": [0, 225, 0],
			"scale": [0.4, 0.4, 0.4]
		},
		"ground": {
			"translation": [0, 3, 0],
			"scale": [0.25, 0.25, 0.25]
		},
		"gui": {
			"rotation": [30, 225, 0],
			"translation": [0, -2.75, 0],
			"scale": [0.39047, 0.39047, 0.39047]
		},
		"head": {
			"translation": [0, -33.75, 0],
			"scale": [1.39453, 1.39453, 1.39453]
		},
		"fixed": {
			"rotation": [0, 90, 0],
			"translation": [0, -4.75, -4],
			"scale": [0.58, 0.58, 0.58]
		}
	}
}