{
 "parent": "item/generated",
 "textures": {
  "layer0": "item/mushroom_stew"
 },

 "overrides": [
   { "predicate": {"custom_model_data": 370001}, "model": "item/bat_soup"},
   { "predicate": {"custom_model_data": 370002}, "model": "item/pumpkin_soup"},
   { "predicate": {"custom_model_data": 370003}, "model": "item/algae_soup"},
   { "predicate": {"custom_model_data": 370004}, "model": "item/artichoke_dip"},
   { "predicate": {"custom_model_data": 370005}, "model": "item/bean_hotpot"},
   { "predicate": {"custom_model_data": 370006}, "model": "item/coleslaw"},
   { "predicate": {"custom_model_data": 370007}, "model": "item/fruit_salad"},
   { "predicate": {"custom_model_data": 370008}, "model": "item/pale_broth"},
   { "predicate": {"custom_model_data": 370009}, "model": "item/parsnip_soup"},
   { "predicate": {"custom_model_data": 370010}, "model": "item/pumpkin_soup"},
   { "predicate": {"custom_model_data": 370011}, "model": "item/seafoam_pudding"},
   { "predicate": {"custom_model_data": 370012}, "model": "item/squid_ink_ravioli"},
   { "predicate": {"custom_model_data": 370013}, "model": "item/trout_soup"}

 ]

 
}