{
	"credit": "Made with Blockbench",
	"textures": {
		"0": "block/stripped_spruce_log",
		"1": "block/anvil",
		"2": "block/andesite",
		"3": "block/red_concrete",
		"4": "block/light_gray_stained_glass",
		"5": "block/gold_block",
		"7": "block/yellow_stained_glass",
		"8": "block/stripped_oak_log",
		"particle": "block/stripped_spruce_log"
	},
	"elements": [
		{
			"from": [0, -8, 0],
			"to": [16, 8, 16],
			"faces": {
				"north": {"uv": [0, 0, 16, 16], "texture": "#8"},
				"east": {"uv": [0, 0, 16, 16], "texture": "#8"},
				"south": {"uv": [0, 0, 16, 16], "texture": "#8"},
				"west": {"uv": [0, 0, 16, 16], "texture": "#8"},
				"up": {"uv": [0, 0, 16, 16], "texture": "#8"},
				"down": {"uv": [0, 0, 16, 16], "texture": "#8"}
			}
		},
		{
			"from": [2, 3, -1],
			"to": [14, 5, 0],
			"faces": {
				"north": {"uv": [0, 0, 12, 2], "texture": "#0"},
				"east": {"uv": [0, 0, 1, 2], "texture": "#0"},
				"south": {"uv": [0, 0, 12, 2], "texture": "#0"},
				"west": {"uv": [0, 0, 1, 2], "texture": "#0"},
				"up": {"uv": [0, 0, 12, 1], "texture": "#0"},
				"down": {"uv": [0, 0, 12, 1], "texture": "#0"}
			}
		},
		{
			"from": [7, 3, -1.25],
			"to": [9, 5, -1],
			"faces": {
				"north": {"uv": [0, 0, 2, 2], "texture": "#5"},
				"east": {"uv": [0, 0, 1, 2], "texture": "#5"},
				"south": {"uv": [0, 0, 2, 2], "texture": "#5"},
				"west": {"uv": [0, 0, 0.25, 2], "texture": "#5"},
				"up": {"uv": [0, 0, 2, 0.25], "texture": "#5"},
				"down": {"uv": [0, 0, 2, 0.25], "texture": "#5"}
			}
		},
		{
			"from": [3, 2, -1],
			"to": [13, 3, 0],
			"faces": {
				"north": {"uv": [0, 0, 10, 1], "texture": "#0"},
				"east": {"uv": [0, 0, 1, 1], "texture": "#0"},
				"south": {"uv": [0, 0, 10, 1], "texture": "#0"},
				"west": {"uv": [0, 0, 1, 1], "texture": "#0"},
				"up": {"uv": [0, 0, 16, 16], "texture": "#0"},
				"down": {"uv": [0, 0, 10, 1], "texture": "#0"}
			}
		},
		{
			"from": [3, 5, -1],
			"to": [13, 6, 0],
			"faces": {
				"north": {"uv": [0, 0, 10, 1], "texture": "#0"},
				"east": {"uv": [0, 0, 1, 1], "texture": "#0"},
				"south": {"uv": [0, 0, 10, 1], "texture": "#0"},
				"west": {"uv": [0, 0, 1, 1], "texture": "#0"},
				"up": {"uv": [0, 0, 10, 1], "texture": "#0"},
				"down": {"uv": [0, 0, 16, 16], "texture": "#0"}
			}
		},
		{
			"from": [2.5, 11.5, 7],
			"to": [4.5, 12.5, 9],
			"faces": {
				"north": {"uv": [0, 0, 2, 1], "texture": "#2"},
				"east": {"uv": [0, 0, 2, 1], "texture": "#2"},
				"south": {"uv": [0, 0, 2, 1], "texture": "#2"},
				"west": {"uv": [0, 0, 2, 1], "texture": "#2"},
				"up": {"uv": [0, 0, 2, 2], "texture": "#2"},
				"down": {"uv": [0, 0, 2, 2], "texture": "#2"}
			}
		},
		{
			"from": [2, 10.5, 6.5],
			"to": [5, 11.5, 9.5],
			"faces": {
				"north": {"uv": [0, 0, 3, 1], "texture": "#2"},
				"east": {"uv": [0, 0, 3, 1], "texture": "#2"},
				"south": {"uv": [0, 0, 3, 1], "texture": "#2"},
				"west": {"uv": [0, 0, 3, 1], "texture": "#2"},
				"up": {"uv": [0, 0, 3, 3], "texture": "#2"},
				"down": {"uv": [0, 0, 3, 3], "texture": "#2"}
			}
		},
		{
			"from": [2, 8.5, 6.5],
			"to": [5, 9.5, 9.5],
			"faces": {
				"north": {"uv": [0, 0, 3, 1], "texture": "#2"},
				"east": {"uv": [0, 0, 3, 1], "texture": "#2"},
				"south": {"uv": [0, 0, 3, 1], "texture": "#2"},
				"west": {"uv": [0, 0, 3, 1], "texture": "#2"},
				"up": {"uv": [0, 0, 3, 3], "texture": "#2"},
				"down": {"uv": [0, 0, 3, 3], "texture": "#2"}
			}
		},
		{
			"from": [2, 9.5, 6.5],
			"to": [5, 10.5, 9.5],
			"faces": {
				"north": {"uv": [0, 0, 3, 1], "texture": "#3"},
				"east": {"uv": [0, 0, 3, 1], "texture": "#3"},
				"south": {"uv": [0, 0, 3, 1], "texture": "#3"},
				"west": {"uv": [0, 0, 3, 1], "texture": "#3"},
				"up": {"uv": [0, 0, 3, 3], "texture": "#3"},
				"down": {"uv": [0, 0, 3, 3], "texture": "#3"}
			}
		},
		{
			"from": [12, 10.5, 7],
			"to": [14, 11.5, 9],
			"faces": {
				"north": {"uv": [0, 0, 2, 1], "texture": "#1"},
				"east": {"uv": [0, 0, 2, 1], "texture": "#1"},
				"south": {"uv": [0, 0, 2, 1], "texture": "#1"},
				"west": {"uv": [0, 0, 2, 1], "texture": "#1"},
				"up": {"uv": [0, 0, 2, 2], "texture": "#1"},
				"down": {"uv": [0, 0, 2, 2], "texture": "#1"}
			}
		},
		{
			"from": [12, 9.5, 7],
			"to": [14, 10.5, 9],
			"faces": {
				"north": {"uv": [0, 0, 2, 1], "texture": "#5"},
				"east": {"uv": [0, 0, 2, 1], "texture": "#5"},
				"south": {"uv": [0, 0, 2, 1], "texture": "#5"},
				"west": {"uv": [0, 0, 2, 1], "texture": "#5"},
				"up": {"uv": [0, 0, 2, 2], "texture": "#5"},
				"down": {"uv": [0, 0, 2, 2], "texture": "#5"}
			}
		},
		{
			"from": [12, 8.5, 7],
			"to": [14, 9.5, 9],
			"faces": {
				"north": {"uv": [0, 0, 2, 1], "texture": "#1"},
				"east": {"uv": [0, 0, 2, 1], "texture": "#1"},
				"south": {"uv": [0, 0, 2, 1], "texture": "#1"},
				"west": {"uv": [0, 0, 2, 1], "texture": "#1"},
				"up": {"uv": [0, 0, 2, 2], "texture": "#1"},
				"down": {"uv": [0, 0, 2, 2], "texture": "#1"}
			}
		},
		{
			"from": [12.25, 8, 7.25],
			"to": [13.75, 8.5, 8.75],
			"faces": {
				"north": {"uv": [0, 0, 1.5, 0.5], "texture": "#1"},
				"east": {"uv": [0, 0, 1.5, 0.5], "texture": "#1"},
				"south": {"uv": [0, 0, 1.5, 0.5], "texture": "#1"},
				"west": {"uv": [0, 0, 1.5, 0.5], "texture": "#1"},
				"up": {"uv": [0, 0, 1.5, 1.5], "texture": "#1"},
				"down": {"uv": [0, 0, 1.5, 1.5], "texture": "#1"}
			}
		},
		{
			"from": [2.25, 8, 6.75],
			"to": [4.75, 8.5, 9.25],
			"faces": {
				"north": {"uv": [0, 0, 2.5, 0.5], "texture": "#2"},
				"east": {"uv": [0, 0, 2.5, 0.5], "texture": "#2"},
				"south": {"uv": [0, 0, 2.5, 0.5], "texture": "#2"},
				"west": {"uv": [0, 0, 2.5, 0.5], "texture": "#2"},
				"up": {"uv": [0, 0, 2.5, 2.5], "texture": "#2"},
				"down": {"uv": [0, 0, 2.5, 2.5], "texture": "#2"}
			}
		},
		{
			"from": [2.75, 12.5, 7.25],
			"to": [4.25, 16.25, 8.75],
			"faces": {
				"north": {"uv": [0, 0, 2, 1], "texture": "#4"},
				"east": {"uv": [0, 0, 2, 1], "texture": "#4"},
				"south": {"uv": [0, 0, 2, 1], "texture": "#4"},
				"west": {"uv": [0, 0, 2, 1], "texture": "#4"},
				"up": {"uv": [9, 4, 11, 6], "texture": "#4"},
				"down": {"uv": [0, 0, 2, 2], "texture": "#4"}
			}
		},
		{
			"from": [2.5, 16.25, 7],
			"to": [4.5, 18.25, 9],
			"faces": {
				"north": {"uv": [0, 0, 2, 1], "texture": "#4"},
				"east": {"uv": [0, 0, 2, 1], "texture": "#4"},
				"south": {"uv": [0, 0, 2, 1], "texture": "#4"},
				"west": {"uv": [0, 0, 2, 1], "texture": "#4"},
				"up": {"uv": [9, 4, 11, 6], "texture": "#4"},
				"down": {"uv": [0, 0, 2, 2], "texture": "#4"}
			}
		},
		{
			"from": [2.75, 18.25, 7.25],
			"to": [4.25, 18.5, 8.75],
			"faces": {
				"north": {"uv": [0, 0, 2, 1], "texture": "#4"},
				"east": {"uv": [0, 0, 2, 1], "texture": "#4"},
				"south": {"uv": [0, 0, 2, 1], "texture": "#4"},
				"west": {"uv": [0, 0, 2, 1], "texture": "#4"},
				"up": {"uv": [9, 4, 11, 6], "texture": "#4"},
				"down": {"uv": [0, 0, 2, 2], "texture": "#4"}
			}
		},
		{
			"from": [2.75, 18.5, 7.25],
			"to": [5.25, 19.75, 8.75],
			"faces": {
				"north": {"uv": [0, 0, 2, 1], "texture": "#4"},
				"east": {"uv": [0, 0, 2, 1], "texture": "#4"},
				"south": {"uv": [0, 0, 2, 1], "texture": "#4"},
				"west": {"uv": [0, 0, 2, 1], "texture": "#4"},
				"up": {"uv": [9, 4, 11, 6], "texture": "#4"},
				"down": {"uv": [0, 0, 2, 2], "texture": "#4"}
			}
		},
		{
			"from": [4, 19.75, 7.25],
			"to": [12.75, 21, 8.75],
			"faces": {
				"north": {"uv": [0, 0, 2, 1], "texture": "#4"},
				"east": {"uv": [0, 0, 2, 1], "texture": "#4"},
				"south": {"uv": [0, 0, 2, 1], "texture": "#4"},
				"west": {"uv": [0, 0, 2, 1], "texture": "#4"},
				"up": {"uv": [9, 4, 11, 6], "texture": "#4"},
				"down": {"uv": [0, 0, 2, 2], "texture": "#4"}
			}
		},
		{
			"from": [11.25, 18.5, 7.25],
			"to": [13.75, 19.75, 8.75],
			"faces": {
				"north": {"uv": [0, 0, 2, 1], "texture": "#4"},
				"east": {"uv": [0, 0, 2, 1], "texture": "#4"},
				"south": {"uv": [0, 0, 2, 1], "texture": "#4"},
				"west": {"uv": [0, 0, 2, 1], "texture": "#4"},
				"up": {"uv": [9, 4, 11, 6], "texture": "#4"},
				"down": {"uv": [0, 0, 2, 2], "texture": "#4"}
			}
		},
		{
			"from": [12.25, 15, 7.25],
			"to": [13.75, 18.5, 8.75],
			"faces": {
				"north": {"uv": [0, 0, 2, 1], "texture": "#4"},
				"east": {"uv": [0, 0, 2, 1], "texture": "#4"},
				"south": {"uv": [0, 0, 2, 1], "texture": "#4"},
				"west": {"uv": [0, 0, 2, 1], "texture": "#4"},
				"up": {"uv": [9, 4, 11, 6], "texture": "#4"},
				"down": {"uv": [0, 0, 2, 2], "texture": "#4"}
			}
		},
		{
			"from": [11.5, 12, 6.5],
			"to": [14.5, 15, 9.5],
			"faces": {
				"north": {"uv": [0, 0, 2, 1], "texture": "#4"},
				"east": {"uv": [0, 0, 2, 1], "texture": "#4"},
				"south": {"uv": [0, 0, 2, 1], "texture": "#4"},
				"west": {"uv": [0, 0, 2, 1], "texture": "#4"},
				"up": {"uv": [9, 4, 11, 6], "texture": "#4"},
				"down": {"uv": [0, 0, 2, 2], "texture": "#4"}
			}
		},
		{
			"from": [12.25, 11.5, 7.25],
			"to": [13.75, 12, 8.75],
			"faces": {
				"north": {"uv": [0, 0, 2, 1], "texture": "#4"},
				"east": {"uv": [0, 0, 2, 1], "texture": "#4"},
				"south": {"uv": [0, 0, 2, 1], "texture": "#4"},
				"west": {"uv": [0, 0, 2, 1], "texture": "#4"},
				"up": {"uv": [9, 4, 11, 6], "texture": "#4"},
				"down": {"uv": [0, 0, 2, 2], "texture": "#4"}
			}
		},
		{
			"from": [3, 12.5, 7.5],
			"to": [4, 16.5, 8.5],
			"faces": {
				"north": {"uv": [0, 0, 2, 1], "texture": "#7"},
				"east": {"uv": [0, 0, 2, 1], "texture": "#7"},
				"south": {"uv": [0, 0, 2, 1], "texture": "#7"},
				"west": {"uv": [0, 0, 2, 1], "texture": "#7"},
				"up": {"uv": [9, 4, 11, 6], "texture": "#7"},
				"down": {"uv": [0, 0, 2, 2], "texture": "#7"}
			}
		},
		{
			"from": [2.75, 16.5, 7.25],
			"to": [4.25, 18, 8.75],
			"faces": {
				"north": {"uv": [0, 0, 2, 1], "texture": "#7"},
				"east": {"uv": [0, 0, 2, 1], "texture": "#7"},
				"south": {"uv": [0, 0, 2, 1], "texture": "#7"},
				"west": {"uv": [0, 0, 2, 1], "texture": "#7"},
				"up": {"uv": [9, 4, 11, 6], "texture": "#7"},
				"down": {"uv": [0, 0, 2, 2], "texture": "#7"}
			}
		},
		{
			"from": [3, 18, 7.5],
			"to": [4, 18.75, 8.5],
			"faces": {
				"north": {"uv": [0, 0, 2, 1], "texture": "#7"},
				"east": {"uv": [0, 0, 2, 1], "texture": "#7"},
				"south": {"uv": [0, 0, 2, 1], "texture": "#7"},
				"west": {"uv": [0, 0, 2, 1], "texture": "#7"},
				"up": {"uv": [9, 4, 11, 6], "texture": "#7"},
				"down": {"uv": [0, 0, 2, 2], "texture": "#7"}
			}
		},
		{
			"from": [3, 18.75, 7.5],
			"to": [5, 19.5, 8.5],
			"faces": {
				"north": {"uv": [0, 0, 2, 1], "texture": "#7"},
				"east": {"uv": [0, 0, 2, 1], "texture": "#7"},
				"south": {"uv": [0, 0, 2, 1], "texture": "#7"},
				"west": {"uv": [0, 0, 2, 1], "texture": "#7"},
				"up": {"uv": [9, 4, 11, 6], "texture": "#7"},
				"down": {"uv": [0, 0, 2, 2], "texture": "#7"}
			}
		},
		{
			"from": [4.25, 20, 7.5],
			"to": [12.5, 20.75, 8.5],
			"faces": {
				"north": {"uv": [0, 0, 2, 1], "texture": "#7"},
				"east": {"uv": [0, 0, 2, 1], "texture": "#7"},
				"south": {"uv": [0, 0, 2, 1], "texture": "#7"},
				"west": {"uv": [0, 0, 2, 1], "texture": "#7"},
				"up": {"uv": [9, 4, 11, 6], "texture": "#7"},
				"down": {"uv": [0, 0, 2, 2], "texture": "#7"}
			}
		},
		{
			"from": [11.5, 18.75, 7.5],
			"to": [13.5, 19.5, 8.5],
			"faces": {
				"north": {"uv": [0, 0, 2, 1], "texture": "#7"},
				"east": {"uv": [0, 0, 2, 1], "texture": "#7"},
				"south": {"uv": [0, 0, 2, 1], "texture": "#7"},
				"west": {"uv": [0, 0, 2, 1], "texture": "#7"},
				"up": {"uv": [9, 4, 11, 6], "texture": "#7"},
				"down": {"uv": [0, 0, 2, 2], "texture": "#7"}
			}
		},
		{
			"from": [11.5, 19.5, 7.5],
			"to": [12.5, 20, 8.5],
			"faces": {
				"north": {"uv": [0, 0, 2, 1], "texture": "#7"},
				"east": {"uv": [0, 0, 2, 1], "texture": "#7"},
				"south": {"uv": [0, 0, 2, 1], "texture": "#7"},
				"west": {"uv": [0, 0, 2, 1], "texture": "#7"},
				"up": {"uv": [9, 4, 11, 6], "texture": "#7"},
				"down": {"uv": [0, 0, 2, 2], "texture": "#7"}
			}
		},
		{
			"from": [4.25, 19.5, 7.5],
			"to": [5, 20, 8.5],
			"faces": {
				"north": {"uv": [0, 0, 2, 1], "texture": "#7"},
				"east": {"uv": [0, 0, 2, 1], "texture": "#7"},
				"south": {"uv": [0, 0, 2, 1], "texture": "#7"},
				"west": {"uv": [0, 0, 2, 1], "texture": "#7"},
				"up": {"uv": [9, 4, 11, 6], "texture": "#7"},
				"down": {"uv": [0, 0, 2, 2], "texture": "#7"}
			}
		},
		{
			"from": [12.5, 14.75, 7.5],
			"to": [13.5, 18.75, 8.5],
			"faces": {
				"north": {"uv": [0, 0, 2, 1], "texture": "#7"},
				"east": {"uv": [0, 0, 2, 1], "texture": "#7"},
				"south": {"uv": [0, 0, 2, 1], "texture": "#7"},
				"west": {"uv": [0, 0, 2, 1], "texture": "#7"},
				"up": {"uv": [9, 4, 11, 6], "texture": "#7"},
				"down": {"uv": [0, 0, 2, 2], "texture": "#7"}
			}
		},
		{
			"from": [11.75, 12.25, 6.75],
			"to": [14.25, 14.75, 9.25],
			"faces": {
				"north": {"uv": [0, 0, 2, 1], "texture": "#7"},
				"east": {"uv": [0, 0, 2, 1], "texture": "#7"},
				"south": {"uv": [0, 0, 2, 1], "texture": "#7"},
				"west": {"uv": [0, 0, 2, 1], "texture": "#7"},
				"up": {"uv": [9, 4, 11, 6], "texture": "#7"},
				"down": {"uv": [0, 0, 2, 2], "texture": "#7"}
			}
		},
		{
			"from": [12.5, 11.5, 7.5],
			"to": [13.5, 12.25, 8.5],
			"faces": {
				"north": {"uv": [0, 0, 2, 1], "texture": "#7"},
				"east": {"uv": [0, 0, 2, 1], "texture": "#7"},
				"south": {"uv": [0, 0, 2, 1], "texture": "#7"},
				"west": {"uv": [0, 0, 2, 1], "texture": "#7"},
				"up": {"uv": [9, 4, 11, 6], "texture": "#7"},
				"down": {"uv": [0, 0, 2, 2], "texture": "#7"}
			}
		}
	],
	"display": {
		"thirdperson_righthand": {
			"rotation": [75, 45, 0],
			"translation": [0, 2.5, 0],
			"scale": [0.375, 0.375, 0.375]
		},
		"thirdperson_lefthand": {
			"rotation": [75, 45, 0],
			"translation": [0, 2.5, 0],
			"scale": [0.375, 0.375, 0.375]
		},
		"firstperson_righthand": {
			"rotation": [0, 45, 0],
			"scale": [0.4, 0.4, 0.4]
		},
		"firstperson_lefthand": {
			"rotation": [0, 225, 0],
			"scale": [0.4, 0.4, 0.4]
		},
		"ground": {
			"translation": [0, 3, 0],
			"scale": [0.25, 0.25, 0.25]
		},
		"gui": {
			"rotation": [30, 225, 0],
			"scale": [0.625, 0.625, 0.625]
		},
		"head": {
			"translation": [0, -17.5, 0],
			"scale": [1.61, 1.61, 1.61]
		},
		"fixed": {
			"scale": [0.5, 0.5, 0.5]
		}
	},
	"groups": [0, 1, 2, 3, 4, 5, 6, 7, 8, 9, 10, 11, 12, 13,
		{
			"name": "group",
			"origin": [0, 0, 0],
			"color": 0,
			"children": [14, 15, 16, 17, 18, 19, 20, 21, 22]
		},
		{
			"name": "group",
			"origin": [8, 8, 8],
			"color": 0,
			"children": []
		},
		{
			"name": "group",
			"origin": [0, 0, 0],
			"color": 0,
			"children": [23, 24, 25, 26, 27, 28, 29, 30, 31, 32, 33]
		}
	]
}